-- MySQL dump 10.13  Distrib 8.0.29, for Win64 (x86_64)
--
-- Host: localhost    Database: electronicstore3
-- ------------------------------------------------------
-- Server version	8.0.29

/*!40101 SET @OLD_CHARACTER_SET_CLIENT=@@CHARACTER_SET_CLIENT */;
/*!40101 SET @OLD_CHARACTER_SET_RESULTS=@@CHARACTER_SET_RESULTS */;
/*!40101 SET @OLD_COLLATION_CONNECTION=@@COLLATION_CONNECTION */;
/*!50503 SET NAMES utf8 */;
/*!40103 SET @OLD_TIME_ZONE=@@TIME_ZONE */;
/*!40103 SET TIME_ZONE='+00:00' */;
/*!40014 SET @OLD_UNIQUE_CHECKS=@@UNIQUE_CHECKS, UNIQUE_CHECKS=0 */;
/*!40014 SET @OLD_FOREIGN_KEY_CHECKS=@@FOREIGN_KEY_CHECKS, FOREIGN_KEY_CHECKS=0 */;
/*!40101 SET @OLD_SQL_MODE=@@SQL_MODE, SQL_MODE='NO_AUTO_VALUE_ON_ZERO' */;
/*!40111 SET @OLD_SQL_NOTES=@@SQL_NOTES, SQL_NOTES=0 */;

--
-- Table structure for table `product`
--

DROP TABLE IF EXISTS `product`;
/*!40101 SET @saved_cs_client     = @@character_set_client */;
/*!50503 SET character_set_client = utf8mb4 */;
CREATE TABLE `product` (
  `product_id` bigint NOT NULL AUTO_INCREMENT,
  `image` varchar(255) DEFAULT NULL,
  `price` double NOT NULL,
  `product_name` varchar(255) DEFAULT NULL,
  `category_id` bigint DEFAULT NULL,
  `manufacturer_id` bigint DEFAULT NULL,
  `description` text,
  PRIMARY KEY (`product_id`),
  KEY `FK1mtsbur82frn64de7balymq9s` (`category_id`),
  KEY `FK89igr5j06uw5ps04djxgom0l1` (`manufacturer_id`),
  CONSTRAINT `FK1mtsbur82frn64de7balymq9s` FOREIGN KEY (`category_id`) REFERENCES `category` (`category_id`),
  CONSTRAINT `FK89igr5j06uw5ps04djxgom0l1` FOREIGN KEY (`manufacturer_id`) REFERENCES `manufacturer` (`manufacturer_id`)
) ENGINE=InnoDB AUTO_INCREMENT=135 DEFAULT CHARSET=utf8mb4 COLLATE=utf8mb4_0900_ai_ci;
/*!40101 SET character_set_client = @saved_cs_client */;

--
-- Dumping data for table `product`
--

LOCK TABLES `product` WRITE;
/*!40000 ALTER TABLE `product` DISABLE KEYS */;
INSERT INTO `product` VALUES (1,'ps5_image.jpg',499.99,'PlayStation 5',1,1,'PlayStation 5 combines the best of design and functionality, setting new standards in its category. Its craftsmanship is a testament to the dedication and expertise of our team. With an unmatched attention to detail, this product promises durability, aesthetics, and performance.'),(2,'s30_image.jpg',799.99,'Samsung Galaxy S30',2,2,'Samsung Galaxy S30 is tailored for enthusiasts, blending advanced features with a stylish design. Every detail has been meticulously crafted to meet the highest standards. A harmonious combination of aesthetics and functionality, this product caters to those who refuse to compromise.'),(3,'iphone15_image.jpg',999.99,'iPhone 15',2,3,'iPhone 15 stands as a beacon of innovation, capturing the essence of both form and function. It embodies a new wave of products that champion both utility and design. With a commitment to excellence, this product delivers on all fronts.'),(4,'dell7500_image.jpg',999.99,'Dell Inspiron 7500',3,4,'Dell Inspiron 7500 is designed for today’s discerning user, offering a seamless blend of modern features with a timeless appeal. The result of years of research, it signifies a new age in product design, setting it apart from its peers.'),(5,'eos5d_image.jpg',1299.99,'Canon EOS 5D',5,5,'Canon EOS 5D stands out with its unique blend of technology and aesthetics. It redefines benchmarks, offering unparalleled performance while staying true to a sophisticated design ethos. Every aspect of this product speaks of luxury and finesse.'),(6,'bose700_image.jpg',299.99,'Bose Headphone 700',4,6,'Bose Headphone 700 offers a masterclass in design and engineering. Every component has been chosen with care, resulting in a product that not only looks great but also functions with unmatched efficiency. It’s truly in a league of its own.'),(7,'lg_oled_image.jpg',1599.99,'LG OLED TV 65\"',1,7,'LG OLED TV 65\" represents the pinnacle of craftsmanship. Its an epitome of innovation and stands testament to our commitment to quality. Designed for those who appreciate the finer things in life, this product is nothing short of a masterpiece.'),(8,'hp_x360_image.jpg',699.99,'HP Pavilion x360',3,8,'HP Pavilion x360 encapsulates the spirit of innovation. With every feature crafted to perfection, its a product that promises more and delivers even more. Its not just a product; its an experience waiting to be unraveled.'),(9,'product_image_9.jpg',99.99,'Product_9',5,2,'Product_9 is a confluence of tradition and modernity. It pays homage to classic designs while incorporating the latest in technology. This fusion results in a product that is both familiar and groundbreaking.'),(10,'product_image_10.jpg',99.99,'Product_10',1,3,'Product_10 showcases the latest advancements in its category, ensuring a top-notch user experience. It’s not just a product, it’s a revolution in its own right. Groundbreaking and transformative, it sets a new paradigm for excellence.'),(11,'product_image_11.jpg',99.99,'Product_11',2,4,'Product_11 combines the best of design and functionality, setting new standards in its category. Its craftsmanship is a testament to the dedication and expertise of our team. With an unmatched attention to detail, this product promises durability, aesthetics, and performance.'),(12,'product_image_12.jpg',99.99,'Product_12',3,5,'Product_12 is tailored for enthusiasts, blending advanced features with a stylish design. Every detail has been meticulously crafted to meet the highest standards. A harmonious combination of aesthetics and functionality, this product caters to those who refuse to compromise.'),(13,'product_image_13.jpg',99.99,'Product_13',4,6,'Product_13 stands as a beacon of innovation, capturing the essence of both form and function. It embodies a new wave of products that champion both utility and design. With a commitment to excellence, this product delivers on all fronts.'),(14,'product_image_14.jpg',99.99,'Product_14',5,7,'Product_14 is designed for today’s discerning user, offering a seamless blend of modern features with a timeless appeal. The result of years of research, it signifies a new age in product design, setting it apart from its peers.'),(15,'product_image_15.jpg',99.99,'Product_15',1,8,'Product_15 stands out with its unique blend of technology and aesthetics. It redefines benchmarks, offering unparalleled performance while staying true to a sophisticated design ethos. Every aspect of this product speaks of luxury and finesse.'),(16,'product_image_16.jpg',99.99,'Product_16',2,1,'Product_16 offers a masterclass in design and engineering. Every component has been chosen with care, resulting in a product that not only looks great but also functions with unmatched efficiency. It’s truly in a league of its own.'),(17,'product_image_17.jpg',99.99,'Product_17',3,2,'Product_17 represents the pinnacle of craftsmanship. Its an epitome of innovation and stands testament to our commitment to quality. Designed for those who appreciate the finer things in life, this product is nothing short of a masterpiece.'),(18,'product_image_18.jpg',99.99,'Product_18',4,3,'Product_18 encapsulates the spirit of innovation. With every feature crafted to perfection, its a product that promises more and delivers even more. Its not just a product; its an experience waiting to be unraveled.'),(19,'product_image_19.jpg',99.99,'Product_19',5,4,'Product_19 is a confluence of tradition and modernity. It pays homage to classic designs while incorporating the latest in technology. This fusion results in a product that is both familiar and groundbreaking.'),(20,'product_image_20.jpg',99.99,'Product_20',1,5,'Product_20 showcases the latest advancements in its category, ensuring a top-notch user experience. It’s not just a product, it’s a revolution in its own right. Groundbreaking and transformative, it sets a new paradigm for excellence.'),(21,'product_image_21.jpg',99.99,'Product_21',2,6,'Product_21 combines the best of design and functionality, setting new standards in its category. Its craftsmanship is a testament to the dedication and expertise of our team. With an unmatched attention to detail, this product promises durability, aesthetics, and performance.'),(22,'product_image_22.jpg',99.99,'Product_22',3,7,'Product_22 is tailored for enthusiasts, blending advanced features with a stylish design. Every detail has been meticulously crafted to meet the highest standards. A harmonious combination of aesthetics and functionality, this product caters to those who refuse to compromise.'),(23,'product_image_23.jpg',99.99,'Product_23',4,8,'Product_23 stands as a beacon of innovation, capturing the essence of both form and function. It embodies a new wave of products that champion both utility and design. With a commitment to excellence, this product delivers on all fronts.'),(24,'product_image_24.jpg',99.99,'Product_24',5,1,'Product_24 is designed for today’s discerning user, offering a seamless blend of modern features with a timeless appeal. The result of years of research, it signifies a new age in product design, setting it apart from its peers.'),(25,'product_image_25.jpg',99.99,'Product_25',1,2,'Product_25 stands out with its unique blend of technology and aesthetics. It redefines benchmarks, offering unparalleled performance while staying true to a sophisticated design ethos. Every aspect of this product speaks of luxury and finesse.'),(26,'product_image_26.jpg',99.99,'Product_26',2,3,'Product_26 offers a masterclass in design and engineering. Every component has been chosen with care, resulting in a product that not only looks great but also functions with unmatched efficiency. It’s truly in a league of its own.'),(27,'product_image_27.jpg',99.99,'Product_27',3,4,'Product_27 represents the pinnacle of craftsmanship. Its an epitome of innovation and stands testament to our commitment to quality. Designed for those who appreciate the finer things in life, this product is nothing short of a masterpiece.'),(28,'product_image_28.jpg',99.99,'Product_28',4,5,'Product_28 encapsulates the spirit of innovation. With every feature crafted to perfection, its a product that promises more and delivers even more. Its not just a product; its an experience waiting to be unraveled.'),(29,'product_image_29.jpg',99.99,'Product_29',5,6,'Product_29 is a confluence of tradition and modernity. It pays homage to classic designs while incorporating the latest in technology. This fusion results in a product that is both familiar and groundbreaking.'),(30,'product_image_30.jpg',99.99,'Product_30',1,7,'Product_30 showcases the latest advancements in its category, ensuring a top-notch user experience. It’s not just a product, it’s a revolution in its own right. Groundbreaking and transformative, it sets a new paradigm for excellence.'),(31,'product_image_31.jpg',99.99,'Product_31',2,8,'Product_31 combines the best of design and functionality, setting new standards in its category. Its craftsmanship is a testament to the dedication and expertise of our team. With an unmatched attention to detail, this product promises durability, aesthetics, and performance.'),(32,'product_image_32.jpg',99.99,'Product_32',3,1,'Product_32 is tailored for enthusiasts, blending advanced features with a stylish design. Every detail has been meticulously crafted to meet the highest standards. A harmonious combination of aesthetics and functionality, this product caters to those who refuse to compromise.'),(33,'product_image_33.jpg',99.99,'Product_33',4,2,'Product_33 stands as a beacon of innovation, capturing the essence of both form and function. It embodies a new wave of products that champion both utility and design. With a commitment to excellence, this product delivers on all fronts.'),(34,'product_image_34.jpg',99.99,'Product_34',5,3,'Product_34 is designed for today’s discerning user, offering a seamless blend of modern features with a timeless appeal. The result of years of research, it signifies a new age in product design, setting it apart from its peers.'),(35,'product_image_35.jpg',99.99,'Product_35',1,4,'Product_35 stands out with its unique blend of technology and aesthetics. It redefines benchmarks, offering unparalleled performance while staying true to a sophisticated design ethos. Every aspect of this product speaks of luxury and finesse.'),(36,'product_image_36.jpg',99.99,'Product_36',2,5,'Product_36 offers a masterclass in design and engineering. Every component has been chosen with care, resulting in a product that not only looks great but also functions with unmatched efficiency. It’s truly in a league of its own.'),(37,'product_image_37.jpg',99.99,'Product_37',3,6,'Product_37 represents the pinnacle of craftsmanship. Its an epitome of innovation and stands testament to our commitment to quality. Designed for those who appreciate the finer things in life, this product is nothing short of a masterpiece.'),(38,'product_image_38.jpg',99.99,'Product_38',4,7,'Product_38 encapsulates the spirit of innovation. With every feature crafted to perfection, its a product that promises more and delivers even more. Its not just a product; its an experience waiting to be unraveled.'),(39,'product_image_39.jpg',99.99,'Product_39',5,8,'Product_39 is a confluence of tradition and modernity. It pays homage to classic designs while incorporating the latest in technology. This fusion results in a product that is both familiar and groundbreaking.'),(40,'product_image_40.jpg',99.99,'Product_40',1,1,'Product_40 showcases the latest advancements in its category, ensuring a top-notch user experience. It’s not just a product, it’s a revolution in its own right. Groundbreaking and transformative, it sets a new paradigm for excellence.'),(41,'product_image_41.jpg',99.99,'Product_41',2,2,'Product_41 combines the best of design and functionality, setting new standards in its category. Its craftsmanship is a testament to the dedication and expertise of our team. With an unmatched attention to detail, this product promises durability, aesthetics, and performance.'),(42,'product_image_42.jpg',99.99,'Product_42',3,3,'Product_42 is tailored for enthusiasts, blending advanced features with a stylish design. Every detail has been meticulously crafted to meet the highest standards. A harmonious combination of aesthetics and functionality, this product caters to those who refuse to compromise.'),(43,'product_image_43.jpg',99.99,'Product_43',4,4,'Product_43 stands as a beacon of innovation, capturing the essence of both form and function. It embodies a new wave of products that champion both utility and design. With a commitment to excellence, this product delivers on all fronts.'),(44,'product_image_44.jpg',99.99,'Product_44',5,5,'Product_44 is designed for today’s discerning user, offering a seamless blend of modern features with a timeless appeal. The result of years of research, it signifies a new age in product design, setting it apart from its peers.'),(45,'product_image_45.jpg',99.99,'Product_45',1,6,'Product_45 stands out with its unique blend of technology and aesthetics. It redefines benchmarks, offering unparalleled performance while staying true to a sophisticated design ethos. Every aspect of this product speaks of luxury and finesse.'),(46,'product_image_46.jpg',99.99,'Product_46',2,7,'Product_46 offers a masterclass in design and engineering. Every component has been chosen with care, resulting in a product that not only looks great but also functions with unmatched efficiency. It’s truly in a league of its own.'),(47,'product_image_47.jpg',99.99,'Product_47',3,8,'Product_47 represents the pinnacle of craftsmanship. Its an epitome of innovation and stands testament to our commitment to quality. Designed for those who appreciate the finer things in life, this product is nothing short of a masterpiece.'),(48,'product_image_48.jpg',99.99,'Product_48',4,1,'Product_48 encapsulates the spirit of innovation. With every feature crafted to perfection, its a product that promises more and delivers even more. Its not just a product; its an experience waiting to be unraveled.'),(49,'product_image_49.jpg',99.99,'Product_49',5,2,'Product_49 is a confluence of tradition and modernity. It pays homage to classic designs while incorporating the latest in technology. This fusion results in a product that is both familiar and groundbreaking.'),(50,'product_image_50.jpg',99.99,'Product_50',1,3,'Product_50 showcases the latest advancements in its category, ensuring a top-notch user experience. It’s not just a product, it’s a revolution in its own right. Groundbreaking and transformative, it sets a new paradigm for excellence.'),(51,'product_image_51.jpg',99.99,'Product_51',2,4,'Product_51 combines the best of design and functionality, setting new standards in its category. Its craftsmanship is a testament to the dedication and expertise of our team. With an unmatched attention to detail, this product promises durability, aesthetics, and performance.'),(52,'product_image_52.jpg',99.99,'Product_52',3,5,'Product_52 is tailored for enthusiasts, blending advanced features with a stylish design. Every detail has been meticulously crafted to meet the highest standards. A harmonious combination of aesthetics and functionality, this product caters to those who refuse to compromise.'),(53,'product_image_53.jpg',99.99,'Product_53',4,6,'Product_53 stands as a beacon of innovation, capturing the essence of both form and function. It embodies a new wave of products that champion both utility and design. With a commitment to excellence, this product delivers on all fronts.'),(54,'product_image_54.jpg',99.99,'Product_54',5,7,'Product_54 is designed for today’s discerning user, offering a seamless blend of modern features with a timeless appeal. The result of years of research, it signifies a new age in product design, setting it apart from its peers.'),(55,'product_image_55.jpg',99.99,'Product_55',1,8,'Product_55 stands out with its unique blend of technology and aesthetics. It redefines benchmarks, offering unparalleled performance while staying true to a sophisticated design ethos. Every aspect of this product speaks of luxury and finesse.'),(56,'product_image_56.jpg',99.99,'Product_56',2,1,'Product_56 offers a masterclass in design and engineering. Every component has been chosen with care, resulting in a product that not only looks great but also functions with unmatched efficiency. It’s truly in a league of its own.'),(57,'product_image_57.jpg',99.99,'Product_57',3,2,'Product_57 represents the pinnacle of craftsmanship. Its an epitome of innovation and stands testament to our commitment to quality. Designed for those who appreciate the finer things in life, this product is nothing short of a masterpiece.'),(58,'product_image_58.jpg',99.99,'Product_58',4,3,'Product_58 encapsulates the spirit of innovation. With every feature crafted to perfection, its a product that promises more and delivers even more. Its not just a product; its an experience waiting to be unraveled.'),(59,'product_image_59.jpg',99.99,'Product_59',5,4,'Product_59 is a confluence of tradition and modernity. It pays homage to classic designs while incorporating the latest in technology. This fusion results in a product that is both familiar and groundbreaking.'),(60,'product_image_60.jpg',99.99,'Product_60',1,5,'Product_60 showcases the latest advancements in its category, ensuring a top-notch user experience. It’s not just a product, it’s a revolution in its own right. Groundbreaking and transformative, it sets a new paradigm for excellence.'),(61,'product_image_61.jpg',99.99,'Product_61',2,6,'Product_61 combines the best of design and functionality, setting new standards in its category. Its craftsmanship is a testament to the dedication and expertise of our team. With an unmatched attention to detail, this product promises durability, aesthetics, and performance.'),(62,'product_image_62.jpg',99.99,'Product_62',3,7,'Product_62 is tailored for enthusiasts, blending advanced features with a stylish design. Every detail has been meticulously crafted to meet the highest standards. A harmonious combination of aesthetics and functionality, this product caters to those who refuse to compromise.'),(63,'product_image_63.jpg',99.99,'Product_63',4,8,'Product_63 stands as a beacon of innovation, capturing the essence of both form and function. It embodies a new wave of products that champion both utility and design. With a commitment to excellence, this product delivers on all fronts.'),(64,'product_image_64.jpg',99.99,'Product_64',5,1,'Product_64 is designed for today’s discerning user, offering a seamless blend of modern features with a timeless appeal. The result of years of research, it signifies a new age in product design, setting it apart from its peers.'),(65,'product_image_65.jpg',99.99,'Product_65',1,2,'Product_65 stands out with its unique blend of technology and aesthetics. It redefines benchmarks, offering unparalleled performance while staying true to a sophisticated design ethos. Every aspect of this product speaks of luxury and finesse.'),(66,'product_image_66.jpg',99.99,'Product_66',2,3,'Product_66 offers a masterclass in design and engineering. Every component has been chosen with care, resulting in a product that not only looks great but also functions with unmatched efficiency. It’s truly in a league of its own.'),(67,'product_image_67.jpg',99.99,'Product_67',3,4,'Product_67 represents the pinnacle of craftsmanship. Its an epitome of innovation and stands testament to our commitment to quality. Designed for those who appreciate the finer things in life, this product is nothing short of a masterpiece.'),(68,'product_image_68.jpg',99.99,'Product_68',4,5,'Product_68 encapsulates the spirit of innovation. With every feature crafted to perfection, its a product that promises more and delivers even more. Its not just a product; its an experience waiting to be unraveled.'),(69,'product_image_69.jpg',99.99,'Product_69',5,6,'Product_69 is a confluence of tradition and modernity. It pays homage to classic designs while incorporating the latest in technology. This fusion results in a product that is both familiar and groundbreaking.'),(70,'product_image_70.jpg',99.99,'Product_70',1,7,'Product_70 showcases the latest advancements in its category, ensuring a top-notch user experience. It’s not just a product, it’s a revolution in its own right. Groundbreaking and transformative, it sets a new paradigm for excellence.'),(71,'product_image_71.jpg',99.99,'Product_71',2,8,'Product_71 combines the best of design and functionality, setting new standards in its category. Its craftsmanship is a testament to the dedication and expertise of our team. With an unmatched attention to detail, this product promises durability, aesthetics, and performance.'),(72,'product_image_72.jpg',99.99,'Product_72',3,1,'Product_72 is tailored for enthusiasts, blending advanced features with a stylish design. Every detail has been meticulously crafted to meet the highest standards. A harmonious combination of aesthetics and functionality, this product caters to those who refuse to compromise.'),(73,'product_image_73.jpg',99.99,'Product_73',4,2,'Product_73 stands as a beacon of innovation, capturing the essence of both form and function. It embodies a new wave of products that champion both utility and design. With a commitment to excellence, this product delivers on all fronts.'),(74,'product_image_74.jpg',99.99,'Product_74',5,3,'Product_74 is designed for today’s discerning user, offering a seamless blend of modern features with a timeless appeal. The result of years of research, it signifies a new age in product design, setting it apart from its peers.'),(75,'product_image_75.jpg',99.99,'Product_75',1,4,'Product_75 stands out with its unique blend of technology and aesthetics. It redefines benchmarks, offering unparalleled performance while staying true to a sophisticated design ethos. Every aspect of this product speaks of luxury and finesse.'),(76,'product_image_76.jpg',99.99,'Product_76',2,5,'Product_76 offers a masterclass in design and engineering. Every component has been chosen with care, resulting in a product that not only looks great but also functions with unmatched efficiency. It’s truly in a league of its own.'),(77,'product_image_77.jpg',99.99,'Product_77',3,6,'Product_77 represents the pinnacle of craftsmanship. Its an epitome of innovation and stands testament to our commitment to quality. Designed for those who appreciate the finer things in life, this product is nothing short of a masterpiece.'),(78,'product_image_78.jpg',99.99,'Product_78',4,7,'Product_78 encapsulates the spirit of innovation. With every feature crafted to perfection, its a product that promises more and delivers even more. Its not just a product; its an experience waiting to be unraveled.'),(79,'product_image_79.jpg',99.99,'Product_79',5,8,'Product_79 is a confluence of tradition and modernity. It pays homage to classic designs while incorporating the latest in technology. This fusion results in a product that is both familiar and groundbreaking.'),(80,'product_image_80.jpg',99.99,'Product_80',1,1,'Product_80 showcases the latest advancements in its category, ensuring a top-notch user experience. It’s not just a product, it’s a revolution in its own right. Groundbreaking and transformative, it sets a new paradigm for excellence.'),(81,'product_image_81.jpg',99.99,'Product_81',2,2,'Product_81 combines the best of design and functionality, setting new standards in its category. Its craftsmanship is a testament to the dedication and expertise of our team. With an unmatched attention to detail, this product promises durability, aesthetics, and performance.'),(82,'product_image_82.jpg',99.99,'Product_82',3,3,'Product_82 is tailored for enthusiasts, blending advanced features with a stylish design. Every detail has been meticulously crafted to meet the highest standards. A harmonious combination of aesthetics and functionality, this product caters to those who refuse to compromise.'),(83,'product_image_83.jpg',99.99,'Product_83',4,4,'Product_83 stands as a beacon of innovation, capturing the essence of both form and function. It embodies a new wave of products that champion both utility and design. With a commitment to excellence, this product delivers on all fronts.'),(84,'product_image_84.jpg',99.99,'Product_84',5,5,'Product_84 is designed for today’s discerning user, offering a seamless blend of modern features with a timeless appeal. The result of years of research, it signifies a new age in product design, setting it apart from its peers.'),(85,'product_image_85.jpg',99.99,'Product_85',1,6,'Product_85 stands out with its unique blend of technology and aesthetics. It redefines benchmarks, offering unparalleled performance while staying true to a sophisticated design ethos. Every aspect of this product speaks of luxury and finesse.'),(86,'product_image_86.jpg',99.99,'Product_86',2,7,'Product_86 offers a masterclass in design and engineering. Every component has been chosen with care, resulting in a product that not only looks great but also functions with unmatched efficiency. It’s truly in a league of its own.'),(87,'product_image_87.jpg',99.99,'Product_87',3,8,'Product_87 represents the pinnacle of craftsmanship. Its an epitome of innovation and stands testament to our commitment to quality. Designed for those who appreciate the finer things in life, this product is nothing short of a masterpiece.'),(88,'product_image_88.jpg',99.99,'Product_88',4,1,'Product_88 encapsulates the spirit of innovation. With every feature crafted to perfection, its a product that promises more and delivers even more. Its not just a product; its an experience waiting to be unraveled.'),(89,'product_image_89.jpg',99.99,'Product_89',5,2,'Product_89 is a confluence of tradition and modernity. It pays homage to classic designs while incorporating the latest in technology. This fusion results in a product that is both familiar and groundbreaking.'),(90,'product_image_90.jpg',99.99,'Product_90',1,3,'Product_90 showcases the latest advancements in its category, ensuring a top-notch user experience. It’s not just a product, it’s a revolution in its own right. Groundbreaking and transformative, it sets a new paradigm for excellence.'),(91,'product_image_91.jpg',99.99,'Product_91',2,4,'Product_91 combines the best of design and functionality, setting new standards in its category. Its craftsmanship is a testament to the dedication and expertise of our team. With an unmatched attention to detail, this product promises durability, aesthetics, and performance.'),(92,'product_image_92.jpg',99.99,'Product_92',3,5,'Product_92 is tailored for enthusiasts, blending advanced features with a stylish design. Every detail has been meticulously crafted to meet the highest standards. A harmonious combination of aesthetics and functionality, this product caters to those who refuse to compromise.'),(93,'product_image_93.jpg',99.99,'Product_93',4,6,'Product_93 stands as a beacon of innovation, capturing the essence of both form and function. It embodies a new wave of products that champion both utility and design. With a commitment to excellence, this product delivers on all fronts.'),(94,'product_image_94.jpg',99.99,'Product_94',5,7,'Product_94 is designed for today’s discerning user, offering a seamless blend of modern features with a timeless appeal. The result of years of research, it signifies a new age in product design, setting it apart from its peers.'),(95,'product_image_95.jpg',99.99,'Product_95',1,8,'Product_95 stands out with its unique blend of technology and aesthetics. It redefines benchmarks, offering unparalleled performance while staying true to a sophisticated design ethos. Every aspect of this product speaks of luxury and finesse.'),(96,'product_image_96.jpg',99.99,'Product_96',2,1,'Product_96 offers a masterclass in design and engineering. Every component has been chosen with care, resulting in a product that not only looks great but also functions with unmatched efficiency. It’s truly in a league of its own.'),(97,'product_image_97.jpg',99.99,'Product_97',3,2,'Product_97 represents the pinnacle of craftsmanship. Its an epitome of innovation and stands testament to our commitment to quality. Designed for those who appreciate the finer things in life, this product is nothing short of a masterpiece.'),(98,'product_image_98.jpg',99.99,'Product_98',4,3,'Product_98 encapsulates the spirit of innovation. With every feature crafted to perfection, its a product that promises more and delivers even more. Its not just a product; its an experience waiting to be unraveled.'),(99,'product_image_99.jpg',99.99,'Product_99',5,4,'Product_99 is a confluence of tradition and modernity. It pays homage to classic designs while incorporating the latest in technology. This fusion results in a product that is both familiar and groundbreaking.'),(100,'product_image_100.jpg',99.99,'Product_100',1,5,'Product_100 showcases the latest advancements in its category, ensuring a top-notch user experience. It’s not just a product, it’s a revolution in its own right. Groundbreaking and transformative, it sets a new paradigm for excellence.'),(101,'product_image_101.jpg',99.99,'Product_101',2,6,'Product_101 combines the best of design and functionality, setting new standards in its category. Its craftsmanship is a testament to the dedication and expertise of our team. With an unmatched attention to detail, this product promises durability, aesthetics, and performance.'),(102,'product_image_102.jpg',99.99,'Product_102',3,7,'Product_102 is tailored for enthusiasts, blending advanced features with a stylish design. Every detail has been meticulously crafted to meet the highest standards. A harmonious combination of aesthetics and functionality, this product caters to those who refuse to compromise.'),(103,'product_image_103.jpg',99.99,'Product_103',4,8,'Product_103 stands as a beacon of innovation, capturing the essence of both form and function. It embodies a new wave of products that champion both utility and design. With a commitment to excellence, this product delivers on all fronts.'),(104,'product_image_104.jpg',99.99,'Product_104',5,1,'Product_104 is designed for today’s discerning user, offering a seamless blend of modern features with a timeless appeal. The result of years of research, it signifies a new age in product design, setting it apart from its peers.'),(105,'product_image_105.jpg',99.99,'Product_105',1,2,'Product_105 stands out with its unique blend of technology and aesthetics. It redefines benchmarks, offering unparalleled performance while staying true to a sophisticated design ethos. Every aspect of this product speaks of luxury and finesse.'),(106,'product_image_106.jpg',99.99,'Product_106',2,3,'Product_106 offers a masterclass in design and engineering. Every component has been chosen with care, resulting in a product that not only looks great but also functions with unmatched efficiency. It’s truly in a league of its own.'),(107,'product_image_107.jpg',99.99,'Product_107',3,4,'Product_107 represents the pinnacle of craftsmanship. Its an epitome of innovation and stands testament to our commitment to quality. Designed for those who appreciate the finer things in life, this product is nothing short of a masterpiece.'),(108,'product_image_108.jpg',99.99,'Product_108',4,5,'Product_108 encapsulates the spirit of innovation. With every feature crafted to perfection, its a product that promises more and delivers even more. Its not just a product; its an experience waiting to be unraveled.'),(109,'product_image_109.jpg',99.99,'Product_109',5,6,'Product_109 is a confluence of tradition and modernity. It pays homage to classic designs while incorporating the latest in technology. This fusion results in a product that is both familiar and groundbreaking.'),(110,'product_image_110.jpg',99.99,'Product_110',1,7,'Product_110 showcases the latest advancements in its category, ensuring a top-notch user experience. It’s not just a product, it’s a revolution in its own right. Groundbreaking and transformative, it sets a new paradigm for excellence.'),(111,'product_image_111.jpg',99.99,'Product_111',2,8,'Product_111 combines the best of design and functionality, setting new standards in its category. Its craftsmanship is a testament to the dedication and expertise of our team. With an unmatched attention to detail, this product promises durability, aesthetics, and performance.'),(112,'product_image_112.jpg',99.99,'Product_112',3,1,'Product_112 is tailored for enthusiasts, blending advanced features with a stylish design. Every detail has been meticulously crafted to meet the highest standards. A harmonious combination of aesthetics and functionality, this product caters to those who refuse to compromise.'),(113,'product_image_113.jpg',99.99,'Product_113',4,2,'Product_113 stands as a beacon of innovation, capturing the essence of both form and function. It embodies a new wave of products that champion both utility and design. With a commitment to excellence, this product delivers on all fronts.'),(114,'product_image_114.jpg',99.99,'Product_114',5,3,'Product_114 is designed for today’s discerning user, offering a seamless blend of modern features with a timeless appeal. The result of years of research, it signifies a new age in product design, setting it apart from its peers.'),(115,'product_image_115.jpg',99.99,'Product_115',1,4,'Product_115 stands out with its unique blend of technology and aesthetics. It redefines benchmarks, offering unparalleled performance while staying true to a sophisticated design ethos. Every aspect of this product speaks of luxury and finesse.'),(116,'product_image_116.jpg',99.99,'Product_116',2,5,'Product_116 offers a masterclass in design and engineering. Every component has been chosen with care, resulting in a product that not only looks great but also functions with unmatched efficiency. It’s truly in a league of its own.'),(117,'product_image_117.jpg',99.99,'Product_117',3,6,'Product_117 represents the pinnacle of craftsmanship. Its an epitome of innovation and stands testament to our commitment to quality. Designed for those who appreciate the finer things in life, this product is nothing short of a masterpiece.'),(118,'product_image_118.jpg',99.99,'Product_118',4,7,'Product_118 encapsulates the spirit of innovation. With every feature crafted to perfection, its a product that promises more and delivers even more. Its not just a product; its an experience waiting to be unraveled.'),(119,'product_image_119.jpg',99.99,'Product_119',5,8,'Product_119 is a confluence of tradition and modernity. It pays homage to classic designs while incorporating the latest in technology. This fusion results in a product that is both familiar and groundbreaking.'),(120,'product_image_120.jpg',99.99,'Product_120',1,1,'Product_120 showcases the latest advancements in its category, ensuring a top-notch user experience. It’s not just a product, it’s a revolution in its own right. Groundbreaking and transformative, it sets a new paradigm for excellence.'),(121,'dell_latitude_image.jpg',1049.99,'Dell Latitude 9420',1,1,'Dell Latitude 9420 combines the best of design and functionality, setting new standards in its category. Its craftsmanship is a testament to the dedication and expertise of our team. With an unmatched attention to detail, this product promises durability, aesthetics, and performance.'),(122,'macbookair_m2_image.jpg',1199.99,'Apple MacBook Air M2',1,2,'Apple MacBook Air M2 is tailored for enthusiasts, blending advanced features with a stylish design. Every detail has been meticulously crafted to meet the highest standards. A harmonious combination of aesthetics and functionality, this product caters to those who refuse to compromise.'),(123,'sony_vaioz_image.jpg',1999.99,'Sony VAIO Z',1,3,'Sony VAIO Z stands as a beacon of innovation, capturing the essence of both form and function. It embodies a new wave of products that champion both utility and design. With a commitment to excellence, this product delivers on all fronts.'),(124,'logitech_gprox_image.jpg',129.99,'Logitech G Pro X',1,7,'Logitech G Pro X is designed for today’s discerning user, offering a seamless blend of modern features with a timeless appeal. The result of years of research, it signifies a new age in product design, setting it apart from its peers.'),(125,'sony_srsxb43_image.jpg',149.99,'Sony SRS-XB43',2,3,'Sony SRS-XB43 stands out with its unique blend of technology and aesthetics. It redefines benchmarks, offering unparalleled performance while staying true to a sophisticated design ethos. Every aspect of this product speaks of luxury and finesse.'),(126,'bose_soundlinkrevolve_image.jpg',299.99,'Bose SoundLink Revolve+',2,4,'Bose SoundLink Revolve+ offers a masterclass in design and engineering. Every component has been chosen with care, resulting in a product that not only looks great but also functions with unmatched efficiency. It’s truly in a league of its own.'),(127,'logitech_g935_image.jpg',169.99,'Logitech G935',2,7,'Logitech G935 represents the pinnacle of craftsmanship. Its an epitome of innovation and stands testament to our commitment to quality. Designed for those who appreciate the finer things in life, this product is nothing short of a masterpiece.'),(128,'jbl_charge4_image.jpg',119.99,'JBL Charge 4',2,8,'JBL Charge 4 encapsulates the spirit of innovation. With every feature crafted to perfection, its a product that promises more and delivers even more. Its not just a product; its an experience waiting to be unraveled.'),(129,'canon_eosrp_image.jpg',999.99,'Canon EOS RP',3,5,'Canon EOS RP is a confluence of tradition and modernity. It pays homage to classic designs while incorporating the latest in technology. This fusion results in a product that is both familiar and groundbreaking.'),(130,'nikon_z5_image.jpg',1399.99,'Nikon Z5',3,6,'Nikon Z5 showcases the latest advancements in its category, ensuring a top-notch user experience. It’s not just a product, it’s a revolution in its own right. Groundbreaking and transformative, it sets a new paradigm for excellence.'),(131,'sony_alphaa6600_image.jpg',1199.99,'Sony Alpha A6600',3,3,'Sony Alpha A6600 combines the best of design and functionality, setting new standards in its category. Its craftsmanship is a testament to the dedication and expertise of our team. With an unmatched attention to detail, this product promises durability, aesthetics, and performance.'),(132,'bose_framealto_image.jpg',199.99,'Bose Frame Alto',3,4,'Bose Frame Alto is tailored for enthusiasts, blending advanced features with a stylish design. Every detail has been meticulously crafted to meet the highest standards. A harmonious combination of aesthetics and functionality, this product caters to those who refuse to compromise.'),(133,'path_to_image1.jpg',200,'Compact Freezer',6,4,'Compact Freezer stands as a beacon of innovation, capturing the essence of both form and function. It embodies a new wave of products that champion both utility and design. With a commitment to excellence, this product delivers on all fronts.'),(134,'path_to_image2.jpg',450.5,'Large Family Freezer',6,4,'Large Family Freezer is designed for today’s discerning user, offering a seamless blend of modern features with a timeless appeal. The result of years of research, it signifies a new age in product design, setting it apart from its peers.');
/*!40000 ALTER TABLE `product` ENABLE KEYS */;
UNLOCK TABLES;
/*!40103 SET TIME_ZONE=@OLD_TIME_ZONE */;

/*!40101 SET SQL_MODE=@OLD_SQL_MODE */;
/*!40014 SET FOREIGN_KEY_CHECKS=@OLD_FOREIGN_KEY_CHECKS */;
/*!40014 SET UNIQUE_CHECKS=@OLD_UNIQUE_CHECKS */;
/*!40101 SET CHARACTER_SET_CLIENT=@OLD_CHARACTER_SET_CLIENT */;
/*!40101 SET CHARACTER_SET_RESULTS=@OLD_CHARACTER_SET_RESULTS */;
/*!40101 SET COLLATION_CONNECTION=@OLD_COLLATION_CONNECTION */;
/*!40111 SET SQL_NOTES=@OLD_SQL_NOTES */;

-- Dump completed on 2023-11-01 22:00:48
-- MySQL dump 10.13  Distrib 8.0.29, for Win64 (x86_64)
--
-- Host: localhost    Database: electronicstore3
-- ------------------------------------------------------
-- Server version	8.0.29

/*!40101 SET @OLD_CHARACTER_SET_CLIENT=@@CHARACTER_SET_CLIENT */;
/*!40101 SET @OLD_CHARACTER_SET_RESULTS=@@CHARACTER_SET_RESULTS */;
/*!40101 SET @OLD_COLLATION_CONNECTION=@@COLLATION_CONNECTION */;
/*!50503 SET NAMES utf8 */;
/*!40103 SET @OLD_TIME_ZONE=@@TIME_ZONE */;
/*!40103 SET TIME_ZONE='+00:00' */;
/*!40014 SET @OLD_UNIQUE_CHECKS=@@UNIQUE_CHECKS, UNIQUE_CHECKS=0 */;
/*!40014 SET @OLD_FOREIGN_KEY_CHECKS=@@FOREIGN_KEY_CHECKS, FOREIGN_KEY_CHECKS=0 */;
/*!40101 SET @OLD_SQL_MODE=@@SQL_MODE, SQL_MODE='NO_AUTO_VALUE_ON_ZERO' */;
/*!40111 SET @OLD_SQL_NOTES=@@SQL_NOTES, SQL_NOTES=0 */;

--
-- Table structure for table `category`
--

DROP TABLE IF EXISTS `category`;
/*!40101 SET @saved_cs_client     = @@character_set_client */;
/*!50503 SET character_set_client = utf8mb4 */;
CREATE TABLE `category` (
  `category_id` bigint NOT NULL AUTO_INCREMENT,
  `category_name` varchar(255) DEFAULT NULL,
  PRIMARY KEY (`category_id`)
) ENGINE=InnoDB AUTO_INCREMENT=7 DEFAULT CHARSET=utf8mb4 COLLATE=utf8mb4_0900_ai_ci;
/*!40101 SET character_set_client = @saved_cs_client */;

--
-- Dumping data for table `category`
--

LOCK TABLES `category` WRITE;
/*!40000 ALTER TABLE `category` DISABLE KEYS */;
INSERT INTO `category` VALUES (1,'Electronics'),(2,'Mobile Devices'),(3,'Computers_ Laptops'),(4,'Audio'),(5,'Camera'),(6,'Freezer');
/*!40000 ALTER TABLE `category` ENABLE KEYS */;
UNLOCK TABLES;
/*!40103 SET TIME_ZONE=@OLD_TIME_ZONE */;

/*!40101 SET SQL_MODE=@OLD_SQL_MODE */;
/*!40014 SET FOREIGN_KEY_CHECKS=@OLD_FOREIGN_KEY_CHECKS */;
/*!40014 SET UNIQUE_CHECKS=@OLD_UNIQUE_CHECKS */;
/*!40101 SET CHARACTER_SET_CLIENT=@OLD_CHARACTER_SET_CLIENT */;
/*!40101 SET CHARACTER_SET_RESULTS=@OLD_CHARACTER_SET_RESULTS */;
/*!40101 SET COLLATION_CONNECTION=@OLD_COLLATION_CONNECTION */;
/*!40111 SET SQL_NOTES=@OLD_SQL_NOTES */;

-- Dump completed on 2023-11-01 22:00:47
-- MySQL dump 10.13  Distrib 8.0.29, for Win64 (x86_64)
--
-- Host: localhost    Database: electronicstore3
-- ------------------------------------------------------
-- Server version	8.0.29

/*!40101 SET @OLD_CHARACTER_SET_CLIENT=@@CHARACTER_SET_CLIENT */;
/*!40101 SET @OLD_CHARACTER_SET_RESULTS=@@CHARACTER_SET_RESULTS */;
/*!40101 SET @OLD_COLLATION_CONNECTION=@@COLLATION_CONNECTION */;
/*!50503 SET NAMES utf8 */;
/*!40103 SET @OLD_TIME_ZONE=@@TIME_ZONE */;
/*!40103 SET TIME_ZONE='+00:00' */;
/*!40014 SET @OLD_UNIQUE_CHECKS=@@UNIQUE_CHECKS, UNIQUE_CHECKS=0 */;
/*!40014 SET @OLD_FOREIGN_KEY_CHECKS=@@FOREIGN_KEY_CHECKS, FOREIGN_KEY_CHECKS=0 */;
/*!40101 SET @OLD_SQL_MODE=@@SQL_MODE, SQL_MODE='NO_AUTO_VALUE_ON_ZERO' */;
/*!40111 SET @OLD_SQL_NOTES=@@SQL_NOTES, SQL_NOTES=0 */;

--
-- Table structure for table `manufacturer`
--

DROP TABLE IF EXISTS `manufacturer`;
/*!40101 SET @saved_cs_client     = @@character_set_client */;
/*!50503 SET character_set_client = utf8mb4 */;
CREATE TABLE `manufacturer` (
  `manufacturer_id` bigint NOT NULL AUTO_INCREMENT,
  `manufacturer_name` varchar(255) DEFAULT NULL,
  PRIMARY KEY (`manufacturer_id`)
) ENGINE=InnoDB AUTO_INCREMENT=9 DEFAULT CHARSET=utf8mb4 COLLATE=utf8mb4_0900_ai_ci;
/*!40101 SET character_set_client = @saved_cs_client */;

--
-- Dumping data for table `manufacturer`
--

LOCK TABLES `manufacturer` WRITE;
/*!40000 ALTER TABLE `manufacturer` DISABLE KEYS */;
INSERT INTO `manufacturer` VALUES (1,'Sony'),(2,'Samsung'),(3,'Apple'),(4,'Dell'),(5,'Canon'),(6,'Bose'),(7,'LG'),(8,'HP');
/*!40000 ALTER TABLE `manufacturer` ENABLE KEYS */;
UNLOCK TABLES;
/*!40103 SET TIME_ZONE=@OLD_TIME_ZONE */;

/*!40101 SET SQL_MODE=@OLD_SQL_MODE */;
/*!40014 SET FOREIGN_KEY_CHECKS=@OLD_FOREIGN_KEY_CHECKS */;
/*!40014 SET UNIQUE_CHECKS=@OLD_UNIQUE_CHECKS */;
/*!40101 SET CHARACTER_SET_CLIENT=@OLD_CHARACTER_SET_CLIENT */;
/*!40101 SET CHARACTER_SET_RESULTS=@OLD_CHARACTER_SET_RESULTS */;
/*!40101 SET COLLATION_CONNECTION=@OLD_COLLATION_CONNECTION */;
/*!40111 SET SQL_NOTES=@OLD_SQL_NOTES */;

-- Dump completed on 2023-11-01 22:00:47
